paragraph,name,entity
"Barack Obama, the charismatic leader made history with his groundbreaking presidency. Known for his eloquence and inspiring speeches, Obama brought a message of hope and change to the American people. During his tenure, he implemented several key initiatives, such as the Affordable Care Act, aiming to provide healthcare coverage to millions of Americans. Obama's leadership was also marked by his efforts to improve international relations and promote diplomacy. His remarkable journey from a community organizer to the leader of the free world continues to inspire generations and serves as a testament to the power of perseverance and determination.",Barack Obama,Barack Obama
"In the annals of American history, few names resonate as strongly as Barack Obama. As the first African American to hold the highest office in the land, Obama's presidency ushered in a new era of progress and inclusivity. His visionary policies focused on revitalizing the economy, investing in renewable energy, and expanding access to education. Obama's landmark achievement, the Dodd-Frank Wall Street Reform and Consumer Protection Act, aimed to prevent another financial crisis and protect consumers. Through his calm and measured leadership, he navigated the United States through challenging times, leaving an indelible mark on the nation's history.",Barack Obama,Barack Obama
"Barack Obama, the transformative figure in American politics, captivated the nation with his inspiring journey to the White House. As the first African American president, Obama shattered barriers and became a symbol of hope and unity. His commitment to social justice and equality propelled him to implement significant reforms, including the Lily Ledbetter Fair Pay Act, which aimed to address gender-based wage disparities. Under his leadership, the United States witnessed historic milestones, such as the legalization of same-sex marriage nationwide. Obama's legacy as a progressive leader and an advocate for change continues to shape the political landscape of the United States, inspiring future generations to strive for a better tomorrow.",Barack Obama,Barack Obama
"Malala Yousafzai has become a global symbol of courage and resilience in the fight for female education. Born in the Swat Valley of Pakistan, Malala defied the oppressive Taliban regime that sought to deny girls access to education. Surviving a brutal assassination attempt, she emerged as a powerful voice advocating for girls' rights and educational opportunities worldwide. Through her Malala Fund, she continues to work tirelessly to ensure that every girl receives a quality education, empowering them to break free from the chains of poverty and discrimination. Malala's unwavering determination and unwavering commitment to equality have inspired millions around the world.",Malala Yousafzai,Malala Yousafzai
"The name Malala Yousafzai reverberates with the resounding call for education as a fundamental right for all. This remarkable young woman from Pakistan captured the world's attention when she survived a violent attack orchestrated by the Taliban due to her vocal advocacy for girls' education. Malala's indomitable spirit and unwavering determination led her to become the youngest Nobel laureate in history. Through her inspiring speeches, impassioned writings, and tireless activism, she has shed light on the urgent need to dismantle barriers to education faced by girls globally. Malala's unwavering resolve to secure equal educational opportunities for all stands as a testament to her remarkable bravery and resilience.",Malala Yousafzai,Malala Yousafzai
"Malala Yousafzai, the embodiment of bravery and hope, has dedicated her life to fighting for the rights of girls to receive an education. Hailing from the Swat Valley in Pakistan, she defied societal norms and the oppressive Taliban regime that sought to suppress female empowerment through education. Surviving a near-fatal attack, Malala emerged stronger and more determined than ever to advocate for change. Her relentless activism and unwavering belief in the power of education have propelled her onto the global stage. As the youngest-ever Nobel Prize laureate, Malala continues to inspire countless individuals to challenge injustice, dismantle barriers, and strive for a world where every girl has the opportunity to learn and thrive.",Malala Yousafzai,Malala Yousafzai
"Beyoncé,  has left an indelible mark on the music industry with her unparalleled talent and magnetic stage presence. From her early days as a member of Destiny's Child to her extraordinary solo career, Beyoncé has consistently pushed boundaries and redefined what it means to be an artist. With her powerful vocals, captivating performances, and empowering lyrics, she has become a symbol of female empowerment and resilience. Beyond her musical achievements, Beyoncé has also ventured into acting, delivering unforgettable performances in films such as ""Dreamgirls"" and ""The Lion King."" Her cultural impact and influence continue to shape the entertainment landscape, making her a true legend.",Beyoncé,
"Beyoncé, the multi-talented American sensation, has become an icon of modern pop culture. With her mesmerizing voice, dynamic dance moves, and captivating beauty, she has transcended genres and captivated audiences worldwide. From her chart-topping hits to her visually stunning music videos, Beyoncé's artistry knows no bounds. Her groundbreaking album ""Lemonade"" showcased her storytelling prowess and unapologetic exploration of themes such as feminism, racial identity, and love. As an actress, she has showcased her versatility and acting chops in both dramatic and comedic roles, proving that her talents extend far beyond the stage. Beyoncé's influence and artistry continue to inspire generations of aspiring musicians and performers.",Beyoncé,
"Beyoncé, the embodiment of talent and grace, has become a global phenomenon in the realm of music and entertainment. With a career spanning over two decades, she has amassed an enviable list of accolades, including numerous Grammy Awards and a place on Time magazine's list of the 100 most influential people in the world. Beyoncé's music is a fusion of various genres, seamlessly blending R&B, pop, hip-hop, and soul. Her powerful voice, coupled with her ability to deliver emotionally charged performances, has made her an unparalleled force in the industry. Beyond her musical endeavors, Beyoncé has used her platform to champion important social causes, advocate for racial justice, and empower women. Her influence reaches far beyond the realm of music, solidifying her status as a true cultural icon.",Beyoncé,
"J.K. Rowling has captured the hearts and imaginations of millions of readers around the world with her enchanting storytelling. Best known for her groundbreaking Harry Potter series, Rowling created a magical universe filled with unforgettable characters, intricate plots, and themes of love, friendship, and bravery. Her ability to transport readers into a world of wizardry and adventure has made her one of the most beloved authors of all time. Beyond her literary achievements, Rowling's philanthropic efforts and advocacy for social issues, including children's rights and multiple sclerosis research, showcase her dedication to making a positive impact on society. Her legacy as a master storyteller and compassionate advocate continues to inspire readers of all ages.",J.K. Rowling,Harry Potter
"J.K. Rowling, the visionary behind the beloved Harry Potter series, has left an indelible mark on the world of literature. With her vivid imagination and meticulous world-building, Rowling created a magical universe that has captivated readers of all ages. Her captivating storytelling and well-developed characters have sparked a global phenomenon, with the series being translated into multiple languages and adapted into successful films. Rowling's ability to tackle complex themes, such as discrimination, friendship, and the power of love, has resonated with readers on a profound level. Her dedication to philanthropy and her commitment to supporting numerous charitable causes reflect her desire to use her platform for positive change.",J.K. Rowling,J.K. Rowling
"J.K. Rowling, the imaginative wordsmith, has become synonymous with literary enchantment through her iconic Harry Potter series. Her literary genius and intricate plotlines have transported readers to a world of magic, adventure, and self-discovery. Rowling's ability to seamlessly interweave relatable themes, such as identity, prejudice, and the triumph of good over evil, has touched the hearts of millions. Her characters, from the courageous Harry Potter to the wise Dumbledore, have become cherished icons in popular culture. Rowling's influence extends beyond the pages of her books, as she continues to engage with fans, inspire budding writers, and use her platform to advocate for important social issues. Her impact on both the literary and cultural landscapes is truly magical.",J.K. Rowling,J.K. Rowling
"Oprah Winfrey, a trailblazing figure in the world of media and philanthropy, has touched the lives of millions through her powerful storytelling and genuine compassion. With her unparalleled ability to connect with people from all walks of life, Oprah has created an empire that transcends traditional boundaries. Through her acclaimed talk show, she has provided a platform for sharing personal stories, exploring thought-provoking topics, and inspiring positive change. Beyond her media career, Oprah's philanthropic efforts have made a profound impact, particularly in the fields of education and healthcare. Her commitment to empowering others and fostering a sense of community has solidified her as a beacon of hope and inspiration.",Oprah Winfrey,Oprah Winfrey
"The name Oprah Winfrey is synonymous with influence and inspiration. Her journey from humble beginnings to becoming one of the most recognizable figures in the world is a testament to her resilience and unwavering determination. Oprah's innate ability to connect with her audience has made her an influential force in the realm of media. Through her thought-provoking interviews, she has shed light on important social issues, sparked conversations, and championed the voices of the underrepresented. Oprah's passion for making a positive impact extends beyond her media career. Her philanthropic endeavors, such as establishing educational initiatives and supporting various charitable causes, reflect her deep commitment to empowering others and creating lasting change.",Oprah Winfrey,Oprah Winfrey
"Oprah Winfrey, a true icon of our time, has redefined the power of storytelling and the impact of personal connection. Through her engaging television presence and her genuine empathy, Oprah has touched the hearts of millions around the globe. Her ability to engage with guests and delve into their experiences with compassion and authenticity has made her show a platform for healing, inspiration, and personal growth. Oprah's dedication to using her platform for social good is evident in her numerous philanthropic endeavors. From supporting educational initiatives to advocating for mental health awareness, she has consistently shown her commitment to making a positive difference in the lives of others. Oprah's influence as a cultural force and humanitarian continues to inspire generations.",Oprah Winfrey,Oprah Winfrey
"Emma Watson,  advocate for gender equality, has gracefully transitioned from her role as Hermione Granger in the Harry Potter film series to becoming a prominent figure in both the entertainment industry and activism. Watson's captivating performances have showcased her versatility and depth as an actress, earning her critical acclaim and a dedicated fan base. Beyond her acting career, Watson has utilized her platform to champion women's rights and promote gender equality through her involvement in the HeForShe campaign as a UN Women Goodwill Ambassador. Her eloquence, intelligence, and unwavering commitment to social justice have established her as a leading voice for change.",Emma Watson,Emma Watson
"Emma Watson, the epitome of grace and talent, has seamlessly transitioned from her early days as a child star to becoming an influential figure in both the film industry and social activism. Her portrayal of strong, empowered female characters on screen, such as Belle in ""Beauty and the Beast,"" mirrors her off-screen dedication to advocating for gender equality. Watson's passionate speeches and involvement in initiatives like the Time's Up movement have shed light on the pervasive issues of gender discrimination and inequality. With her intelligence, poise, and compassionate spirit, she continues to inspire young women worldwide to strive for their dreams and fight for a more inclusive society.",Emma Watson,Emma Watson
"Emma Watson, a true force of inspiration, has emerged as a leading advocate for gender equality in the entertainment industry and beyond. Beyond her enchanting performances on screen, Watson's unwavering commitment to using her platform for social change has made her a beacon of empowerment. Her involvement in initiatives such as the #MeToo movement and her role as a UN Women Goodwill Ambassador have propelled the conversation surrounding women's rights and gender equality to new heights. Watson's thoughtful and thought-provoking speeches have resonated with audiences worldwide, igniting a global dialogue about the importance of inclusivity and equal opportunities for all. Her passion, intelligence, and dedication to making a difference continue to inspire and empower countless individuals.",Emma Watson,Emma Watson
"Angela Merkel, a remarkable figure in global politics, has left an indelible impact on the world through her astute leadership and unwavering dedication to public service. Recognized for her steely resolve and pragmatism, Merkel served as the Chancellor of Germany for several terms. Her political career was marked by her adept navigation of complex international issues, from economic crises to the refugee crisis. Merkel's measured approach, commitment to democratic values, and tireless efforts to foster European unity have earned her respect on the world stage. Her legacy as a stateswoman and her role in shaping Germany's political landscape will be remembered for generations to come.",Angela Merkel,Angela Merkel
"Angela Merkel, a formidable presence in the realm of politics, has exemplified strength and resilience throughout her remarkable career. Serving as the Chancellor of Germany, Merkel faced numerous challenges with unwavering determination and a steady hand. Her leadership during times of economic uncertainty and her efforts to promote stability within the European Union have garnered international acclaim. Merkel's strategic decision-making, tempered with a commitment to inclusivity and diplomacy, has solidified her as a respected figure on the global stage. Her impact on shaping policies and fostering cooperation among nations transcends borders and serves as an enduring testament to her leadership qualities.",Angela Merkel,Angela Merkel
"Angela Merkel, a prominent figure in contemporary politics, has played a pivotal role in shaping Germany's trajectory on the world stage. Throughout her tenure as Chancellor, Merkel has been a steady and resolute leader, guiding the country through significant political and economic challenges. Her strategic approach to governance, marked by a combination of pragmatism and a steadfast commitment to democratic values, has earned her widespread recognition. Merkel's emphasis on dialogue and cooperation, both domestically and internationally, has helped foster stability and fostered a sense of unity among European nations. Her legacy as a stateswoman and her influential role in shaping political discourse continue to inspire and shape the future of Germany and beyond.",Angela Merkel,Angela Merkel
"Nelson Mandela, an extraordinary leader and symbol of resilience, has left an indelible mark on the world through his unwavering commitment to justice and equality. Mandela's lifelong dedication to dismantling apartheid in South Africa and advocating for the rights of all people transcended borders and inspired a global movement. Despite enduring decades of imprisonment, Mandela emerged as a unifying force, embracing forgiveness and reconciliation to heal a nation torn apart by racial tensions. His moral courage, wisdom, and relentless pursuit of freedom have made him an iconic figure in the fight against oppression. Mandela's legacy as a champion of human rights continues to inspire individuals to stand up against injustice and work towards a more inclusive and equitable world.",Nelson Mandela,Nelson Mandela
"Nelson Mandela, an extraordinary visionary and symbol of hope, played a pivotal role in reshaping the course of history on its country. His unwavering belief in the power of peace and reconciliation allowed him to transcend his own suffering during 27 years of imprisonment. Mandela's release and subsequent presidency marked a new era for South Africa, as he worked tirelessly to dismantle apartheid and foster unity among its diverse population. His leadership and advocacy for social justice left an indelible impact on the world, inspiring generations to come. Mandela's ability to embrace forgiveness and promote inclusivity in the face of adversity serves as a shining example of the transformative power of compassion and resilience.",Nelson Mandela,Nelson Mandela
"Nelson Mandela, an iconic figure in the struggle against oppression, dedicated his life to fighting for a society rooted in equality and justice. Mandela's unwavering commitment to the anti-apartheid movement made him a symbol of resistance and resilience. Through his leadership and unwavering determination, he became a beacon of hope for millions, inspiring people to believe in the power of unity and reconciliation. Mandela's steadfast belief in the inherent dignity and worth of every individual guided his efforts to build a more inclusive and democratic society. His profound legacy as a statesman and advocate for human rights continues to inspire generations to work towards a world free from discrimination and injustice.",Nelson Mandela,Nelson Mandela
"Michelle Obama, a remarkable figure in the public eye, has captivated hearts and minds with her grace, intelligence, and dedication to making a positive impact. Through her advocacy and initiatives, she has worked tirelessly to empower young people, particularly girls, to pursue their dreams and achieve their full potential. Michelle's initiatives have focused on important issues such as education, health, and wellness, leaving a lasting legacy of promoting healthy lifestyles and fostering educational opportunities. Her influential voice and commitment to service have inspired countless individuals to become agents of change in their communities, making her an enduring role model for generations to come.",Michelle Obama,Michelle Obama
"Michelle Obama, a beacon of inspiration, has used her platform to champion important causes and uplift communities around the world. Her initiatives have focused on empowering young people to reach for their dreams and embrace their unique talents. Through her efforts to improve access to education and promote healthy living, Michelle has made a profound impact on the lives of countless individuals. Her commitment to fostering inclusivity, promoting cultural understanding, and encouraging civic engagement has sparked a new generation of leaders who strive to create a more equitable and compassionate world. Michelle's unwavering dedication to service and her ability to connect with people from all walks of life make her a true force for positive change.",Michelle Obama,Michelle Obama
"Michelle Obama, a source of inspiration and strength, has dedicated her life to empowering individuals to make a difference in their communities. Through her initiatives and advocacy, she has addressed critical issues such as education, poverty, and social inequality. Michelle's passion for supporting children and families has led to the creation of impactful programs that provide opportunities for personal growth and development. Her efforts to promote healthy lifestyles and combat childhood obesity have ignited a national conversation about the importance of wellness. Michelle's warmth, intelligence, and unwavering commitment to uplifting others have solidified her as a beacon of hope and a catalyst for positive change.",Michelle Obama,Michelle Obama
"Known for her mesmerizing lyrics and captivating melodies, Taylor Swift has become a global sensation in the music industry. With her immense talent and relatable storytelling, she has captured the hearts of millions of fans around the world. Swift's ability to seamlessly transition between genres and reinvent herself with each album showcases her artistic versatility. Her numerous chart-topping hits, including heartfelt ballads and empowering anthems, have solidified her as one of the most successful artists of her generation. Beyond her musical achievements, Swift's philanthropic endeavors and activism for causes such as education and disaster relief demonstrate her commitment to making a positive impact on society.",Taylor Swift,Taylor Swift
"Taylor Swift, a trailblazing force in the music industry, has redefined the boundaries of pop and country music. Her innate ability to express raw emotions through her lyrics has resonated with listeners of all ages. Swift's rise to stardom was marked by her fearless exploration of love, heartbreak, and personal growth, inspiring a generation of young women to embrace their authenticity. From stadium tours to intimate acoustic performances, her electrifying stage presence and connection with her audience have become her trademark. Swift's impact on popular culture extends beyond her music, as she has fearlessly used her platform to speak out on social issues and advocate for positive change.",Taylor Swift,Taylor Swift
"Taylor Swift, a creative powerhouse, has carved a unique path in the music industry with her distinctive sound and artistic vision. Her ability to weave compelling narratives through her songs has made her an iconic figure in contemporary pop music. Swift's albums, each a chapter in her evolving journey, have showcased her growth as an artist and her willingness to experiment with different sounds and themes. From intimate storytelling to empowering anthems, her music resonates with fans around the globe. Swift's authenticity, talent, and dedication to her craft have propelled her to unprecedented success, making her one of the most influential figures in the music industry today.",Taylor Swift,Taylor Swift
"Known for her infectious humor and magnetic charm, Ellen DeGeneres has become a household name in the world of entertainment. Her witty comedic timing and ability to connect with guests and audiences alike have made her a beloved talk show host. With her engaging interviews and hilarious sketches, DeGeneres has brought joy and laughter to millions of viewers around the world. Beyond her television success, she has also been recognized for her philanthropic efforts, supporting causes such as animal welfare and LGBTQ+ rights. DeGeneres' positive influence and dedication to spreading kindness have made her an inspiration to many.",Ellen DeGeneres,Ellen DeGeneres
"Ellen DeGeneres, an influential figure in the entertainment industry, has carved a unique path with her signature humor and warmth. Her groundbreaking talk show has provided a platform for celebrities, artists, and everyday people to share their stories and experiences. DeGeneres' commitment to highlighting positive stories and spreading kindness has created a welcoming and uplifting environment for her guests and viewers. Her generous philanthropic endeavors, including her support for education and disaster relief, showcase her dedication to making a positive impact on society. DeGeneres' impact as a comedian, talk show host, and philanthropist has solidified her as a beloved and respected figure in popular culture.",Ellen DeGeneres,Ellen DeGeneres
"Ellen DeGeneres, a comedic powerhouse, has captivated audiences with her unique blend of humor and compassion. Through her talk show, she has become a beacon of positivity, using her platform to shine a light on inspiring stories and acts of kindness. DeGeneres' ability to create a warm and inclusive atmosphere has made her show a place of laughter, entertainment, and connection. Her philanthropic efforts, whether supporting charitable organizations or surprising individuals with life-changing gifts, demonstrate her genuine care for others. DeGeneres' influence extends beyond the realm of entertainment, as she continues to inspire others to spread joy and make a difference in their communities.",Ellen DeGeneres,Ellen DeGeneres
"Serena Williams, a force to be reckoned with, has redefined the game of tennis with her unparalleled athleticism and fierce determination. Her record-breaking career is a testament to her unrivaled skill and unmatched work ethic. Williams' powerful serves, lightning-fast footwork, and strategic gameplay have earned her numerous Grand Slam titles and cemented her status as one of the greatest tennis players of all time. Beyond her achievements on the court, she has also been an advocate for equality and gender empowerment, using her platform to champion social causes. Serena Williams' impact on the world of tennis and her dedication to making a difference off the court continue to inspire generations.",Serena Williams,Serena Williams
"In the realm of sports, Serena Williams has become synonymous with excellence and unparalleled athleticism. Her dominance on the tennis court, combined with her relentless pursuit of victory, has captivated audiences worldwide. Williams' relentless drive, mental fortitude, and relentless pursuit of greatness have propelled her to numerous triumphs and prestigious titles. Her powerful groundstrokes and fierce determination have revolutionized the game, inspiring a new generation of tennis players. Off the court, Williams has utilized her influence to advocate for equality and challenge societal norms, making her a role model for aspiring athletes and individuals alike.",Serena Williams,Serena Williams
"Serena Williams, a true icon in the world of sports, has shattered barriers and rewritten the history books with her exceptional talent and unwavering determination. Her unrivaled athleticism, unmatched versatility, and relentless pursuit of victory have made her a force to be reckoned with on the tennis court. Williams' exceptional achievements, including multiple Grand Slam victories and an enduring reign at the top of the rankings, have solidified her status as one of the greatest athletes of her generation. Beyond her remarkable tennis career, she has also used her platform to advocate for social change and promote gender equality, inspiring countless individuals to challenge norms and dream big. Serena Williams' legacy as a pioneer and champion continues to inspire and empower others.",Serena Williams,Serena Williams
"Cristiano Ronaldo, an athletic phenomenon, has taken the world of football by storm with his incredible skill and unmatched goal-scoring ability. His agility, speed, and precision on the field have mesmerized fans and critics alike. Ronaldo's exceptional career, characterized by numerous titles and individual awards, has solidified his status as one of the greatest footballers of all time. His relentless pursuit of excellence and his dedication to pushing the boundaries of what is possible in the sport have inspired a generation of aspiring athletes. Ronaldo's passion for the game, coupled with his philanthropic efforts, showcases his commitment to making a positive impact both on and off the field.",Cristiano Ronaldo,Cristiano Ronaldo
"In the realm of football, Cristiano Ronaldo's name has become synonymous with success and extraordinary talent. With his impeccable technique, blistering speed, and remarkable goal-scoring prowess, Ronaldo has left an indelible mark on the sport. His numerous achievements, including multiple Champions League victories and prestigious individual accolades, have solidified his position among the greatest footballers in history. Ronaldo's dedication to his craft, combined with his unmatched work ethic, has propelled him to new heights throughout his career. Off the pitch, his philanthropic endeavors and contributions to various charitable causes demonstrate his commitment to giving back to the community and making a difference in the lives of others.",Cristiano Ronaldo,Cristiano Ronaldo's
"Cristiano Ronaldo, a living legend in the world of football, has redefined what it means to be a true athlete. With his incredible athleticism, agility, and goal-scoring prowess, Ronaldo has captivated fans worldwide. His remarkable ability to rise to the occasion in critical moments and lead his teams to victory has earned him the respect and admiration of fellow players and fans alike. Ronaldo's pursuit of excellence, coupled with his unwavering determination and unmatched work ethic, have propelled him to achieve numerous records and milestones throughout his illustrious career. Beyond his on-field accomplishments, Ronaldo's charitable efforts and philanthropic initiatives demonstrate his commitment to using his platform for positive change and making a lasting impact on society.",Cristiano Ronaldo,Cristiano Ronaldo
"Billie Eilish, a rising star in the music industry, has captivated audiences with her unique sound and captivating voice. Her hauntingly beautiful melodies and introspective lyrics have resonated with listeners around the world. Eilish's meteoric rise to fame, marked by chart-topping hits and numerous awards, showcases her undeniable talent and artistry. Her ability to push boundaries and challenge conventions has earned her critical acclaim and a dedicated fan base. With her unapologetic authenticity and distinctive style, Eilish continues to make waves in the music industry, inspiring a new generation of artists to embrace their individuality and express their true selves.",Billie Eilish,Billie Eilish
"With her mesmerizing vocals and soulful storytelling, Billie Eilish has become a force to be reckoned with in the music scene. Her introspective and emotionally-charged songs have resonated with a global audience, capturing the hearts of millions. Eilish's ability to push creative boundaries and her willingness to tackle complex themes in her music have earned her widespread acclaim. Her unique fashion sense and fearless approach to self-expression have made her a style icon, inspiring countless young individuals to embrace their individuality. Eilish's impact on the music industry and her ability to connect with listeners on a deep, emotional level continue to solidify her status as a true musical prodigy.",Billie Eilish,Billie Eilish
"Billie Eilish, a prodigious talent, has taken the music world by storm with her genre-defying sound and raw, emotive performances. With her ethereal vocals and thought-provoking lyrics, Eilish has garnered critical acclaim and a fervent fan base. Her ability to express vulnerability and tap into universal emotions has made her music resonate with listeners of all ages. Eilish's rise to fame at a young age serves as a testament to her immense talent and artistry. Beyond her musical achievements, Eilish's commitment to authenticity and mental health advocacy has made her a relatable figure and a source of inspiration for many.",Billie Eilish,Billie Eilish
"Kamala Harris, a trailblazing figure in politics, has made history with her groundbreaking achievements and commitment to public service. Her tireless advocacy for social justice and equality has propelled her to become a prominent voice in the national conversation. Harris's ability to inspire change and effect meaningful legislation has been recognized and celebrated by many. Her dedication to representing marginalized communities and fighting for their rights has earned her respect and admiration. Harris's leadership and vision have shattered glass ceilings, paving the way for future generations of women in politics.",Kamala Harris,Kamala Harris
"With her unwavering determination and dedication to public service, Kamala Harris has become an influential figure in politics. Her illustrious career has been marked by her tireless work on behalf of the American people. Harris's ability to bring people together and find common ground has been a hallmark of her leadership. Her passion for justice and equality has driven her to fight for meaningful reform and address systemic issues. Harris's commitment to public service and her ability to connect with diverse communities have made her a respected figure in the political landscape.",Kamala Harris,Kamala Harris
"Kamala Harris, a trailblazer in the realm of public service, has consistently demonstrated her commitment to making a positive impact on society. Throughout her career, Harris has been a tireless advocate for those whose voices have been marginalized. Her ability to connect with diverse communities and understand their needs has set her apart as a compassionate leader. Harris's determination to address pressing issues such as criminal justice reform and healthcare access has earned her recognition and respect. Her resilience and ability to navigate complex challenges have made her a transformative figure in the realm of politics.",Kamala Harris,Kamala Harris
"Priyanka Chopra, a versatile talent, has garnered international acclaim for her contributions to the world of entertainment. From her breakout roles in Bollywood to her successful foray into Hollywood, Chopra has showcased her acting prowess and captivated audiences worldwide. Her ability to seamlessly transition between different genres and languages has made her a global icon. Beyond her acting career, Chopra is also known for her humanitarian work and advocacy. Her commitment to using her platform for social change has earned her recognition and admiration, making her a role model for aspiring artists and activists.",Priyanka Chopra,Priyanka Chopra
"Recognized for her captivating performances and undeniable talent, Priyanka Chopra has become a household name in the entertainment industry. From her memorable roles in critically acclaimed films to her impactful contributions as a producer, Chopra has demonstrated her versatility and dedication to her craft. Her ability to bring characters to life with depth and authenticity has earned her accolades and a dedicated fan base. Additionally, Chopra's philanthropic efforts and advocacy for causes such as education and gender equality showcase her commitment to making a positive impact on society. Priyanka Chopra's artistic brilliance and humanitarian endeavors continue to inspire and empower individuals around the world.",Priyanka Chopra,Priyanka Chopra
"Priyanka Chopra, an international sensation, has made a remarkable mark in both Bollywood and Hollywood. With her captivating beauty, charismatic presence, and exceptional talent, she has become a beloved figure in the world of entertainment. From her breakthrough role as a beauty queen to her diverse range of performances in films, Chopra has proven her versatility and acting prowess. Beyond her on-screen achievements, she has utilized her platform to champion important causes and amplify underrepresented voices. Chopra's commitment to empowering women, fighting for equality, and advocating for social change has made her a true inspiration and a global icon.",Priyanka Chopra,Priyanka Chopra
"Adele, a vocal powerhouse and soulful storyteller, has captured the hearts of millions with her emotionally charged music. Her powerful and resonant voice, combined with her ability to convey raw emotions, has made her one of the most celebrated artists of her generation. Adele's chart-topping hits and critically acclaimed albums have earned her numerous awards and accolades, solidifying her status as a true musical icon. Her ability to connect with listeners on a deep, personal level has created a profound impact, making her music a source of solace and inspiration for many.",Adele,Adele
"With her unparalleled vocal range and heartfelt ballads, Adele has become a beloved figure in the music industry. Her ability to tell captivating stories through her songs has resonated with listeners worldwide. Adele's evocative lyrics and powerful delivery have touched the hearts of millions, earning her a dedicated fan base and critical acclaim. Her record-breaking albums and sold-out tours are a testament to her immense talent and ability to connect with audiences on an emotional level. Adele's impact as an artist extends beyond the charts, as her music has become the soundtrack to countless personal moments and experiences.",Adele,Adele
"Adele, a true vocal sensation, has made an indelible mark on the music industry with her soulful performances and heartfelt lyrics. Her ability to effortlessly blend genres and convey deep emotions has set her apart as a unique and powerful artist. Adele's rich, velvety voice and introspective songwriting have struck a chord with listeners across generations. Her ability to convey vulnerability and strength simultaneously has garnered her widespread acclaim and adoration. Adele's music serves as a testament to the power of authenticity and the universal themes of love, heartbreak, and resilience. Her contributions to the music world continue to inspire and resonate with audiences worldwide.",Adele,Adele
"Stephen Hawking, a brilliant mind in the world of science, has revolutionized our understanding of the universe through his groundbreaking theories and research. His profound contributions to the field of theoretical physics, particularly in the study of black holes and the nature of time, have expanded our knowledge and challenged traditional paradigms. Hawking's ability to communicate complex scientific concepts in a relatable manner has made him an influential figure and an advocate for scientific literacy. His perseverance and determination in the face of physical challenges have been an inspiration to many, proving that the power of the human mind knows no bounds.",Stephen Hawking,Stephen Hawking
"With his exceptional intellect and insatiable curiosity, Stephen Hawking made significant breakthroughs in the field of cosmology. His research and theories, such as the discovery of Hawking radiation, have reshaped our understanding of the universe and its fundamental laws. Hawking's ability to bridge the gap between theoretical physics and the general public through his best-selling books, including ""A Brief History of Time,"" has sparked a widespread interest in science and captivated the imaginations of people around the world. His influential work and dedication to unraveling the mysteries of the cosmos have cemented his place among the greatest scientific minds in history.",Stephen Hawking,Stephen Hawking
"Stephen Hawking, a luminary in the scientific community, has left an indelible legacy through his groundbreaking discoveries and theoretical contributions. His profound insights into the nature of the universe, including the formulation of the laws of black hole mechanics, have revolutionized our understanding of space, time, and the cosmos. Hawking's ability to combine rigorous scientific inquiry with a passion for sharing knowledge has made him a revered figure among both scientists and the general public. His tenacity and perseverance in the face of physical adversity have become a symbol of the human spirit's ability to triumph over challenges. Hawking's impact on our understanding of the universe and his ability to inspire generations of future scientists will be felt for years to come.",Stephen Hawking,Stephen Hawking
"Meghan Markle, an influential figure in contemporary society, has become a voice for change and compassion. Through her philanthropic endeavors and advocacy for various social causes, Markle has used her platform to shed light on issues such as gender equality, mental health, and empowerment. Her dedication to making a positive impact has inspired many and brought attention to important societal issues. Markle's grace, intelligence, and commitment to humanitarian work have solidified her as a role model for individuals around the world. Her ability to use her platform to amplify marginalized voices and advocate for positive change continues to make a lasting impact.",Meghan Markle,Meghan Markle
"With her remarkable poise and unwavering commitment to social justice, Meghan Markle has emerged as a powerful advocate for change. Her journey from actress to a prominent figure in the public eye has been marked by her dedication to philanthropy and her work in championing causes close to her heart. Markle's ability to connect with people from diverse backgrounds and use her platform to raise awareness about important issues has earned her respect and admiration. Her influential voice and passion for making a difference have sparked meaningful conversations and inspired others to take action. Markle's impact as a humanitarian and advocate for positive change continues to shape the world around her.",Meghan Markle,Meghan Markle
"Meghan Markle, an inspirational figure, has used her global platform to drive positive change and challenge societal norms. Through her various philanthropic initiatives and outspokenness on social issues, Markle has demonstrated her unwavering commitment to making a difference. Her efforts to empower women, promote inclusivity, and address issues such as racial inequality have resonated with people around the world. Markle's ability to navigate the public eye with grace and authenticity has made her a role model for many. Her advocacy work and dedication to humanitarian causes have solidified her as a force for positive change, inspiring individuals to create a more compassionate and equitable society.",Meghan Markle,Meghan Markle
"Tim Cook, a visionary leader, has made significant contributions to the world of technology through his innovative thinking and strategic decision-making. Under his guidance, Apple has continued to thrive and revolutionize the way we interact with technology. Cook's emphasis on user experience and commitment to privacy and security have garnered widespread praise. His leadership has propelled [Company Name] to new heights, with groundbreaking product launches and a strong focus on sustainability. Cook's dedication to corporate social responsibility and his advocacy for LGBTQ+ rights and equality have further solidified his position as a respected figure in both the business and social realms.",Tim Cook,Tim Cook
"With his exceptional leadership skills and forward-thinking mindset, Tim Cook has successfully steered Apple towards continued success and innovation. His ability to anticipate market trends and adapt to changing consumer needs has allowed [Company Name] to remain at the forefront of technological advancements. Cook's unwavering commitment to diversity and inclusion has been evident in his efforts to promote a culture of equality within the company. Through his philanthropic initiatives, he has championed causes such as education and environmental sustainability. Cook's dedication to creating a positive impact through technology and his remarkable achievements in the corporate world have cemented his reputation as a trailblazer and visionary.",Tim Cook,Tim Cook
"Tim Cook, a prominent figure in the technology industry, has made significant strides in shaping [Company Name]'s trajectory and influence. His strategic decisions and ability to foster innovation have resulted in groundbreaking products that have transformed the way we live and work. Cook's unwavering focus on customer satisfaction and his commitment to quality have been instrumental in [Company Name]'s continued success. Beyond his corporate accomplishments, Cook's advocacy for social issues, such as accessibility and environmental sustainability, highlight his commitment to making a positive impact on society. His dedication to excellence, coupled with his emphasis on corporate values and social responsibility, have solidified his position as a respected leader in the tech industry.",Tim Cook,Tim Cook
